platform,leg,config,threads,node,bw_gbps,latency_ns,implied_mlp
intel_emr,thread_sweep,wb_cxl,1,2,8.965,164.62648503299576,23.06056934876261
intel_emr,thread_sweep,wb_cxl,2,2,17.584,164.62648503299576,45.231126762815585
intel_emr,thread_sweep,wb_cxl,4,2,24.232,164.62648503299576,62.33170289561802
intel_emr,thread_sweep,wb_cxl,8,2,24.12,164.62648503299576,62.04360654681028
intel_emr,thread_sweep,wb_local,1,0,14.27,84.54594335225794,18.851103306823763
intel_emr,thread_sweep,wb_local,2,0,28.726,84.54594335225794,37.94791826151503
intel_emr,thread_sweep,wb_local,4,0,56.717,84.54594335225794,74.92487920484398
intel_emr,thread_sweep,wb_local,8,0,107.45400000000002,84.54594335225794,141.94999682771135
intel_emr,thread_sweep,wc_cxl,1,2,6.378,164.62648503299576,16.406058149069484
intel_emr,thread_sweep,wc_cxl,2,2,12.995999999999999,164.62648503299576,33.429465617012696
intel_emr,thread_sweep,wc_cxl,4,2,23.22,164.62648503299576,59.72854660103378
intel_emr,thread_sweep,wc_cxl,8,2,24.171,164.62648503299576,62.17479327707095
intel_emr,thread_sweep,wc_local,1,0,10.934,84.54594335225794,14.444146009587318
intel_emr,thread_sweep,wc_local,2,0,22.051000000000002,84.54594335225794,29.130040575947504
intel_emr,thread_sweep,wc_local,4,0,43.949,84.54594335225794,58.0579635060685
intel_emr,thread_sweep,wc_local,8,0,84.504,84.54594335225794,111.63234995373759
intel_emr,thread_sweep,wb_cxl,1,2,8.91,164.62648503299576,22.91909346318738
intel_emr,thread_sweep,wb_cxl,2,2,17.229,164.62648503299576,44.31796422864819
intel_emr,thread_sweep,wb_cxl,4,2,23.929,164.62648503299576,61.552299380539935
intel_emr,thread_sweep,wb_cxl,8,2,24.241999999999997,164.62648503299576,62.357425783904425
intel_emr,thread_sweep,wb_local,1,0,14.239,84.54594335225794,18.810151365512514
intel_emr,thread_sweep,wb_local,2,0,28.541,84.54594335225794,37.70352764401241
intel_emr,thread_sweep,wb_local,4,0,56.566,84.54594335225794,74.72540361974723
intel_emr,thread_sweep,wb_local,8,0,107.43500000000002,84.54594335225794,141.92489725077863
intel_emr,thread_sweep,wc_cxl,1,2,6.383,164.62648503299576,16.41891959321269
intel_emr,thread_sweep,wc_cxl,2,2,12.981,164.62648503299576,33.390881284583095
intel_emr,thread_sweep,wc_cxl,4,2,23.229999999999997,164.62648503299576,59.75426948932017
intel_emr,thread_sweep,wc_cxl,8,2,24.248,164.62648503299576,62.37285951687627
intel_emr,thread_sweep,wc_local,1,0,10.931,84.54594335225794,14.440182918492681
intel_emr,thread_sweep,wc_local,2,0,22.194,84.54594335225794,29.3189479181252
intel_emr,thread_sweep,wc_local,4,0,43.919,84.54594335225794,58.01833259512213
intel_emr,thread_sweep,wc_local,8,0,84.473,84.54594335225794,111.59139801242632
intel_emr,thread_sweep,wb_cxl,1,2,8.924,164.62648503299576,22.955105506788346
intel_emr,thread_sweep,wb_cxl,2,2,17.389000000000003,164.62648503299576,44.729530441230686
intel_emr,thread_sweep,wb_cxl,4,2,24.078000000000003,164.62648503299576,61.93557041600739
intel_emr,thread_sweep,wb_cxl,8,2,24.242000000000004,164.62648503299576,62.35742578390444
intel_emr,thread_sweep,wb_local,1,0,14.232,84.54594335225794,18.80090415295836
intel_emr,thread_sweep,wb_local,2,0,28.765,84.54594335225794,37.99943844574531
intel_emr,thread_sweep,wb_local,4,0,56.626000000000005,84.54594335225794,74.80466544163998
intel_emr,thread_sweep,wb_local,8,0,107.382,84.54594335225794,141.85488264144004
intel_emr,thread_sweep,wc_cxl,1,2,6.378,164.62648503299576,16.406058149069484
intel_emr,thread_sweep,wc_cxl,2,2,12.876999999999999,164.62648503299576,33.12336324640447
intel_emr,thread_sweep,wc_cxl,4,2,23.231,164.62648503299576,59.756841778148825
intel_emr,thread_sweep,wc_cxl,8,2,24.235,164.62648503299576,62.339419762103944
intel_emr,thread_sweep,wc_local,1,0,10.92,84.54594335225794,14.425651584479011
intel_emr,thread_sweep,wc_local,2,0,21.999000000000002,84.54594335225794,29.061346996973796
intel_emr,thread_sweep,wc_local,4,0,43.981,84.54594335225794,58.10023647774463
intel_emr,thread_sweep,wc_local,8,0,84.585,84.54594335225794,111.73935341329278
intel_emr,thread_sweep,wb_cxl,1,2,8.901,164.62648503299576,22.895942863729616
intel_emr,thread_sweep,wb_cxl,2,2,17.157,164.62648503299576,44.13275943298607
intel_emr,thread_sweep,wb_cxl,4,2,24.297,164.62648503299576,62.49890166947966
intel_emr,thread_sweep,wb_cxl,8,2,24.29,164.62648503299576,62.48089564767917
intel_emr,thread_sweep,wb_local,1,0,14.216,84.54594335225794,18.779767667120293
intel_emr,thread_sweep,wb_local,2,0,28.749000000000002,84.54594335225794,37.97830195990725
intel_emr,thread_sweep,wb_local,4,0,56.583,84.54594335225794,74.74786113595017
intel_emr,thread_sweep,wb_local,8,0,107.34400000000001,84.54594335225794,141.80468348757466
intel_emr,thread_sweep,wc_cxl,1,2,6.381,164.62648503299576,16.413775015555405
intel_emr,thread_sweep,wc_cxl,2,2,12.963999999999999,164.62648503299576,33.347152374496204
intel_emr,thread_sweep,wc_cxl,4,2,23.287000000000003,164.62648503299576,59.90088995255271
intel_emr,thread_sweep,wc_cxl,8,2,24.273999999999997,164.62648503299576,62.439739026420916
intel_emr,thread_sweep,wc_local,1,0,10.907,84.54594335225794,14.408478189735582
intel_emr,thread_sweep,wc_local,2,0,22.084,84.54594335225794,29.173634577988505
intel_emr,thread_sweep,wc_local,4,0,43.956,84.54594335225794,58.067210718622654
intel_emr,thread_sweep,wc_local,8,0,84.53000000000002,84.54594335225794,111.66669674322445
intel_emr,thread_sweep,wb_cxl,1,2,8.903,164.62648503299576,22.901087441386895
intel_emr,thread_sweep,wb_cxl,2,2,17.375999999999998,164.62648503299576,44.69609068645834
intel_emr,thread_sweep,wb_cxl,4,2,24.061999999999998,164.62648503299576,61.89441379474912
intel_emr,thread_sweep,wb_cxl,8,2,24.262,164.62648503299576,62.40887156047724
intel_emr,thread_sweep,wb_local,1,0,14.226,84.54594335225794,18.792977970769087
intel_emr,thread_sweep,wb_local,2,0,28.787,84.54594335225794,38.02850111377265
intel_emr,thread_sweep,wb_local,4,0,56.623000000000005,84.54594335225794,74.80070235054534
intel_emr,thread_sweep,wb_local,8,0,107.386,84.54594335225794,141.86016676289955
intel_emr,thread_sweep,wc_cxl,1,2,6.375,164.62648503299576,16.398341282583562
intel_emr,thread_sweep,wc_cxl,2,2,12.925,164.62648503299576,33.246833110179224
intel_emr,thread_sweep,wc_cxl,4,2,23.29,164.62648503299576,59.90860681903862
intel_emr,thread_sweep,wc_cxl,8,2,24.249,164.62648503299576,62.37543180570491
intel_emr,thread_sweep,wc_local,1,0,10.922,84.54594335225794,14.42829364520877
intel_emr,thread_sweep,wc_local,2,0,22.305,84.54594335225794,29.465582288626774
intel_emr,thread_sweep,wc_local,4,0,43.952000000000005,84.54594335225794,58.06192659716315
intel_emr,thread_sweep,wc_local,8,0,84.507,84.54594335225794,111.63631304483222
intel_emr,thread_sweep,wb_cxl,1,2,8.909,164.62648503299576,22.91652117435874
intel_emr,thread_sweep,wb_cxl,2,2,17.5,164.62648503299576,45.01505450120978
intel_emr,thread_sweep,wb_cxl,4,2,24.123,164.62648503299576,62.0513234132962
intel_emr,thread_sweep,wb_cxl,8,2,24.247999999999998,164.62648503299576,62.37285951687626
intel_emr,thread_sweep,wb_local,1,0,14.221,84.54594335225794,18.78637281894469
intel_emr,thread_sweep,wb_local,2,0,28.818,84.54594335225794,38.0694530550839
intel_emr,thread_sweep,wb_local,4,0,56.62,84.54594335225794,74.7967392594507
intel_emr,thread_sweep,wb_local,8,0,107.426,84.54594335225794,141.9130079774947
intel_emr,thread_sweep,wc_cxl,1,2,6.377,164.62648503299576,16.403485860240846
intel_emr,thread_sweep,wc_cxl,2,2,12.843,164.62648503299576,33.0359054262307
intel_emr,thread_sweep,wc_cxl,4,2,23.177999999999997,164.62648503299576,59.62051047023086
intel_emr,thread_sweep,wc_cxl,8,2,24.229999999999997,164.62648503299576,62.32655831796073
intel_emr,thread_sweep,wc_local,1,0,10.93,84.54594335225794,14.438861888127802
intel_emr,thread_sweep,wc_local,2,0,22.049999999999997,84.54594335225794,29.128719545582612
intel_emr,thread_sweep,wc_local,4,0,43.961,84.54594335225794,58.073815870447056
intel_emr,thread_sweep,wc_local,8,0,84.584,84.54594335225794,111.73803238292791
intel_emr,thread_sweep,wb_cxl,1,2,8.902,164.62648503299576,22.898515152558257
intel_emr,thread_sweep,wb_cxl,2,2,17.259999999999998,164.62648503299576,44.39770518233604
intel_emr,thread_sweep,wb_cxl,4,2,23.926000000000002,164.62648503299576,61.54458251405402
intel_emr,thread_sweep,wb_cxl,8,2,24.260999999999996,164.62648503299576,62.406299271648585
intel_emr,thread_sweep,wb_local,1,0,14.235,84.54594335225794,18.804867244052996
intel_emr,thread_sweep,wb_local,2,0,28.787,84.54594335225794,38.02850111377265
intel_emr,thread_sweep,wb_local,4,0,56.688,84.54594335225794,74.88656932426247
intel_emr,thread_sweep,wb_local,8,0,107.44500000000001,84.54594335225794,141.9381075544274
intel_emr,thread_sweep,wc_cxl,1,2,6.374,164.62648503299576,16.39576899375492
intel_emr,thread_sweep,wc_cxl,2,2,12.82,164.62648503299576,32.976742783171964
intel_emr,thread_sweep,wc_cxl,4,2,23.186,164.62648503299576,59.641088780859995
intel_emr,thread_sweep,wc_cxl,8,2,24.26,164.62648503299576,62.40372698281996
intel_emr,thread_sweep,wc_local,1,0,10.925,84.54594335225794,14.432256736303406
intel_emr,thread_sweep,wc_local,2,0,22.208,84.54594335225794,29.33744234323351
intel_emr,thread_sweep,wc_local,4,0,44.094,84.54594335225794,58.249512908975966
intel_emr,thread_sweep,wc_local,8,0,84.624,84.54594335225794,111.79087359752306
intel_emr,thread_sweep,wb_cxl,1,2,8.895,164.62648503299576,22.880509130757773
intel_emr,thread_sweep,wb_cxl,2,2,17.214,164.62648503299576,44.27937989621858
intel_emr,thread_sweep,wb_cxl,4,2,23.950000000000003,164.62648503299576,61.60631744594139
intel_emr,thread_sweep,wb_cxl,8,2,24.201,164.62648503299576,62.25196194193016
intel_emr,thread_sweep,wb_local,1,0,14.234,84.54594335225794,18.80354621368812
intel_emr,thread_sweep,wb_local,2,0,28.663,84.54594335225794,37.864693348527645
intel_emr,thread_sweep,wb_local,4,0,56.477,84.54594335225794,74.607831917273
intel_emr,thread_sweep,wb_local,8,0,107.33000000000001,84.54594335225794,141.78618906246635
intel_emr,thread_sweep,wc_cxl,1,2,6.382,164.62648503299576,16.416347304384047
intel_emr,thread_sweep,wc_cxl,2,2,12.975000000000001,164.62648503299576,33.37544755161126
intel_emr,thread_sweep,wc_cxl,4,2,23.204,164.62648503299576,59.68738997977553
intel_emr,thread_sweep,wc_cxl,8,2,24.219,164.62648503299576,62.2982631408457
intel_emr,thread_sweep,wc_local,1,0,10.94,84.54594335225794,14.45207219177659
intel_emr,thread_sweep,wc_local,2,0,22.256,84.54594335225794,29.4008518007477
intel_emr,thread_sweep,wc_local,4,0,43.968,84.54594335225794,58.08306308300121
intel_emr,thread_sweep,wc_local,8,0,84.556,84.54594335225794,111.7010435327113
intel_emr,thread_sweep,wb_cxl,1,2,8.906,164.62648503299576,22.90880430787282
intel_emr,thread_sweep,wb_cxl,2,2,17.279,164.62648503299576,44.44657867008022
intel_emr,thread_sweep,wb_cxl,4,2,24.326,164.62648503299576,62.573498045510235
intel_emr,thread_sweep,wb_cxl,8,2,24.324,164.62648503299576,62.56835346785296
intel_emr,thread_sweep,wb_local,1,0,14.226,84.54594335225794,18.792977970769087
intel_emr,thread_sweep,wb_local,2,0,28.478,84.54594335225794,37.62030273102503
intel_emr,thread_sweep,wb_local,4,0,56.302,84.54594335225794,74.37665160341916
intel_emr,thread_sweep,wb_local,8,0,107.16199999999998,84.54594335225794,141.56425596116662
intel_emr,thread_sweep,wc_cxl,1,2,6.385,164.62648503299576,16.42406417086997
intel_emr,thread_sweep,wc_cxl,2,2,12.911999999999999,164.62648503299576,33.21339335540689
intel_emr,thread_sweep,wc_cxl,4,2,23.198,164.62648503299576,59.67195624680368
intel_emr,thread_sweep,wc_cxl,8,2,24.218,164.62648503299576,62.29569085201705
intel_emr,thread_sweep,wc_local,1,0,10.928,84.54594335225794,14.436219827398043
intel_emr,thread_sweep,wc_local,2,0,22.22,84.54594335225794,29.353294707612054
intel_emr,thread_sweep,wc_local,4,0,43.968999999999994,84.54594335225794,58.08438411336608
intel_emr,thread_sweep,wc_local,8,0,84.554,84.54594335225794,111.69840147198153
intel_emr,thread_sweep,wb_cxl,1,2,8.904,164.62648503299576,22.903659730215537
intel_emr,thread_sweep,wb_cxl,2,2,17.435000000000002,164.62648503299576,44.847855727348154
intel_emr,thread_sweep,wb_cxl,4,2,24.195,164.62648503299576,62.236528208958326
intel_emr,thread_sweep,wb_cxl,8,2,24.276999999999997,164.62648503299576,62.44745589290684
intel_emr,thread_sweep,wb_local,1,0,14.215,84.54594335225794,18.77844663675542
intel_emr,thread_sweep,wb_local,2,0,28.86,84.54594335225794,38.124936330408815
intel_emr,thread_sweep,wb_local,4,0,56.722,84.54594335225794,74.93148435666835
intel_emr,thread_sweep,wb_local,8,0,107.40599999999999,84.54594335225794,141.88658737019713
intel_emr,thread_sweep,wc_cxl,1,2,6.376,164.62648503299576,16.400913571412204
intel_emr,thread_sweep,wc_cxl,2,2,12.802,164.62648503299576,32.930441584256435
intel_emr,thread_sweep,wc_cxl,4,2,22.889999999999997,164.62648503299576,58.87969128758239
intel_emr,thread_sweep,wc_cxl,8,2,24.048,164.62648503299576,61.85840175114816
intel_emr,thread_sweep,wc_local,1,0,10.952,84.54594335225794,14.467924556155142
intel_emr,thread_sweep,wc_local,2,0,22.141,84.54594335225794,29.24893330878661
intel_emr,thread_sweep,wc_local,4,0,43.971000000000004,84.54594335225794,58.08702617409585
intel_emr,thread_sweep,wc_local,8,0,84.55600000000001,84.54594335225794,111.70104353271131
intel_emr,thread_sweep,wb_cxl,1,2,8.909,164.62648503299576,22.91652117435874
intel_emr,thread_sweep,wb_cxl,2,2,17.340000000000003,164.62648503299576,44.6034882886273
intel_emr,thread_sweep,wb_cxl,4,2,23.967,164.62648503299576,61.65004635602828
intel_emr,thread_sweep,wb_cxl,8,2,24.208000000000002,164.62648503299576,62.269967963730664
intel_emr,thread_sweep,wb_local,1,0,14.234,84.54594335225794,18.80354621368812
intel_emr,thread_sweep,wb_local,2,0,28.749000000000002,84.54594335225794,37.97830195990725
intel_emr,thread_sweep,wb_local,4,0,56.69,84.54594335225794,74.88921138499222
intel_emr,thread_sweep,wb_local,8,0,107.42599999999999,84.54594335225794,141.9130079774947
intel_emr,thread_sweep,wc_cxl,1,2,6.375,164.62648503299576,16.398341282583562
intel_emr,thread_sweep,wc_cxl,2,2,12.949,164.62648503299576,33.3085680420666
intel_emr,thread_sweep,wc_cxl,4,2,23.153,164.62648503299576,59.55620324951486
intel_emr,thread_sweep,wc_cxl,8,2,24.203,164.62648503299576,62.257106519587445
intel_emr,thread_sweep,wc_local,1,0,10.934,84.54594335225794,14.444146009587318
intel_emr,thread_sweep,wc_local,2,0,22.375,84.54594335225794,29.558054414168303
intel_emr,thread_sweep,wc_local,4,0,44.009,84.54594335225794,58.13722532796125
intel_emr,thread_sweep,wc_local,8,0,84.57700000000001,84.54594335225794,111.72878517037377
intel_emr,thread_sweep,wb_cxl,1,2,8.91,164.62648503299576,22.91909346318738
intel_emr,thread_sweep,wb_cxl,2,2,17.352,164.62648503299576,44.634355754570976
intel_emr,thread_sweep,wb_cxl,4,2,24.186999999999998,164.62648503299576,62.21594989832919
intel_emr,thread_sweep,wb_cxl,8,2,24.295,164.62648503299576,62.493757091822374
intel_emr,thread_sweep,wb_local,1,0,14.233,84.54594335225794,18.80222518332324
intel_emr,thread_sweep,wb_local,2,0,28.717,84.54594335225794,37.936028988231115
intel_emr,thread_sweep,wb_local,4,0,56.647999999999996,84.54594335225794,74.8337281096673
intel_emr,thread_sweep,wb_local,8,0,107.41799999999999,84.54594335225794,141.90243973457567
intel_emr,thread_sweep,wc_cxl,1,2,6.379,164.62648503299576,16.408630437898125
intel_emr,thread_sweep,wc_cxl,2,2,12.756,164.62648503299576,32.81211629813897
intel_emr,thread_sweep,wc_cxl,4,2,22.973999999999997,164.62648503299576,59.09576354918819
intel_emr,thread_sweep,wc_cxl,8,2,24.189,164.62648503299576,62.221094475986476
intel_emr,thread_sweep,wc_local,1,0,10.937,84.54594335225794,14.448109100681954
intel_emr,thread_sweep,wc_local,2,0,22.234,84.54594335225794,29.371789132720362
intel_emr,thread_sweep,wc_local,4,0,43.993,84.54594335225794,58.11608884212318
intel_emr,thread_sweep,wc_local,8,0,84.55799999999999,84.54594335225794,111.70368559344105
intel_emr,sw_prefetch_sweep,cxl_t0_d0,1,2,8.874,164.62648503299576,22.826491065356322
intel_emr,sw_prefetch_sweep,cxl_t0_d1,1,2,5.937,164.62648503299576,15.271678775639
intel_emr,sw_prefetch_sweep,cxl_t0_d2,1,2,6.323,164.62648503299576,16.264582263494255
intel_emr,sw_prefetch_sweep,cxl_t0_d4,1,2,6.936,164.62648503299576,17.841395315450917
intel_emr,sw_prefetch_sweep,cxl_t0_d8,1,2,7.982,164.62648503299576,20.53200943020894
intel_emr,sw_prefetch_sweep,cxl_t0_d16,1,2,8.852,164.62648503299576,22.769900711126226
intel_emr,sw_prefetch_sweep,cxl_t0_d32,1,2,9.199,164.62648503299576,23.6624849346645
intel_emr,sw_prefetch_sweep,cxl_t0_d64,1,2,9.614,164.62648503299576,24.729984798550333
intel_emr,sw_prefetch_sweep,cxl_nta_d0,1,2,9.982,164.62648503299576,25.67658708749006
intel_emr,sw_prefetch_sweep,cxl_nta_d1,1,2,5.109,164.62648503299576,13.141823625524616
intel_emr,sw_prefetch_sweep,cxl_nta_d2,1,2,5.067,164.62648503299576,13.033787494721711
intel_emr,sw_prefetch_sweep,cxl_nta_d4,1,2,5.131,164.62648503299576,13.198413979754708
intel_emr,sw_prefetch_sweep,cxl_nta_d8,1,2,5.404,164.62648503299576,13.90064882997358
intel_emr,sw_prefetch_sweep,cxl_nta_d16,1,2,5.696,164.62648503299576,14.651757167936623
intel_emr,sw_prefetch_sweep,cxl_nta_d32,1,2,4.541,164.62648503299576,11.680763570856778
intel_emr,sw_prefetch_sweep,cxl_nta_d64,1,2,3.296,164.62648503299576,8.478263979199282
intel_emr,sw_prefetch_sweep,local_t0_d0,1,0,14.854,84.54594335225794,19.62258503991312
intel_emr,sw_prefetch_sweep,local_t0_d1,1,0,9.72,84.54594335225794,12.840415146624174
intel_emr,sw_prefetch_sweep,local_t0_d2,1,0,9.989,84.54594335225794,13.195772314776633
intel_emr,sw_prefetch_sweep,local_t0_d4,1,0,10.604,84.54594335225794,14.008205989177238
intel_emr,sw_prefetch_sweep,local_t0_d8,1,0,11.716,84.54594335225794,15.47719175492272
intel_emr,sw_prefetch_sweep,local_t0_d16,1,0,13.274,84.54594335225794,17.53535706340425
intel_emr,sw_prefetch_sweep,local_t0_d32,1,0,14.808,84.54594335225794,19.561817643128684
intel_emr,sw_prefetch_sweep,local_t0_d64,1,0,14.914,84.54594335225794,19.70184686180586
intel_emr,sw_prefetch_sweep,local_nta_d0,1,0,14.453,84.54594335225794,19.092851863596625
intel_emr,sw_prefetch_sweep,local_nta_d1,1,0,7.515,84.54594335225794,9.927543192065913
intel_emr,sw_prefetch_sweep,local_nta_d2,1,0,7.745,84.54594335225794,10.23138017598809
intel_emr,sw_prefetch_sweep,local_nta_d4,1,0,8.036,84.54594335225794,10.615800012167888
intel_emr,sw_prefetch_sweep,local_nta_d8,1,0,8.605,84.54594335225794,11.367466289784057
intel_emr,sw_prefetch_sweep,local_nta_d16,1,0,8.793,84.54594335225794,11.615819998381314
intel_emr,sw_prefetch_sweep,local_nta_d32,1,0,6.947,84.54594335225794,9.177197944814623
intel_emr,sw_prefetch_sweep,local_nta_d64,1,0,5.622,84.54594335225794,7.426832711349908
intel_emr,sw_prefetch_sweep,cxl_t0_d0,1,2,9.691,164.62648503299576,24.928051038355658
intel_emr,sw_prefetch_sweep,cxl_t0_d1,1,2,6.24,164.62648503299576,16.051082290717087
intel_emr,sw_prefetch_sweep,cxl_t0_d2,1,2,6.001,164.62648503299576,15.436305260671995
intel_emr,sw_prefetch_sweep,cxl_t0_d4,1,2,7.044,164.62648503299576,18.119202508944095
intel_emr,sw_prefetch_sweep,cxl_t0_d8,1,2,7.604,164.62648503299576,19.55968425298281
intel_emr,sw_prefetch_sweep,cxl_t0_d16,1,2,8.919,164.62648503299576,22.942244062645145
intel_emr,sw_prefetch_sweep,cxl_t0_d32,1,2,9.075,164.62648503299576,23.34352111991307
intel_emr,sw_prefetch_sweep,cxl_t0_d64,1,2,9.516,164.62648503299576,24.477900493343558
intel_emr,sw_prefetch_sweep,cxl_nta_d0,1,2,9.885,164.62648503299576,25.427075071111926
intel_emr,sw_prefetch_sweep,cxl_nta_d1,1,2,5.111,164.62648503299576,13.146968203181897
intel_emr,sw_prefetch_sweep,cxl_nta_d2,1,2,5.035,164.62648503299576,12.951474252205214
intel_emr,sw_prefetch_sweep,cxl_nta_d4,1,2,5.044,164.62648503299576,12.97462485166298
intel_emr,sw_prefetch_sweep,cxl_nta_d8,1,2,5.331,164.62648503299576,13.71287174548282
intel_emr,sw_prefetch_sweep,cxl_nta_d16,1,2,5.555,164.62648503299576,14.289064443098306
intel_emr,sw_prefetch_sweep,cxl_nta_d32,1,2,4.282,164.62648503299576,11.014540764238873
intel_emr,sw_prefetch_sweep,cxl_nta_d64,1,2,3.29,164.62648503299576,8.462830246227439
intel_emr,sw_prefetch_sweep,local_t0_d0,1,0,14.795,84.54594335225794,19.544644248385254
intel_emr,sw_prefetch_sweep,local_t0_d1,1,0,9.839,84.54594335225794,12.997617760044779
intel_emr,sw_prefetch_sweep,local_t0_d2,1,0,10.169,84.54594335225794,13.43355778045486
intel_emr,sw_prefetch_sweep,local_t0_d4,1,0,10.221,84.54594335225794,13.502251359428568
intel_emr,sw_prefetch_sweep,local_t0_d8,1,0,11.356,84.54594335225794,15.001620823566268
intel_emr,sw_prefetch_sweep,local_t0_d16,1,0,13.057,84.54594335225794,17.2486934742255
intel_emr,sw_prefetch_sweep,local_t0_d32,1,0,14.613,84.54594335225794,19.30421672197727
intel_emr,sw_prefetch_sweep,local_t0_d64,1,0,14.691,84.54594335225794,19.407257090437835
intel_emr,sw_prefetch_sweep,local_nta_d0,1,0,14.862,84.54594335225794,19.633153282832147
intel_emr,sw_prefetch_sweep,local_nta_d1,1,0,7.765,84.54594335225794,10.25780078328567
intel_emr,sw_prefetch_sweep,local_nta_d2,1,0,7.947,84.54594335225794,10.498228309693653
intel_emr,sw_prefetch_sweep,local_nta_d4,1,0,8.149,84.54594335225794,10.765076443399217
intel_emr,sw_prefetch_sweep,local_nta_d8,1,0,8.638,84.54594335225794,11.411060291825065
intel_emr,sw_prefetch_sweep,local_nta_d16,1,0,9.067,84.54594335225794,11.977782318358168
intel_emr,sw_prefetch_sweep,local_nta_d32,1,0,6.151,84.54594335225794,8.125657774370916
intel_emr,sw_prefetch_sweep,local_nta_d64,1,0,5.622,84.54594335225794,7.426832711349908
intel_emr,sw_prefetch_sweep,cxl_t0_d0,1,2,9.208,164.62648503299576,23.685635534122266
intel_emr,sw_prefetch_sweep,cxl_t0_d1,1,2,6.005,164.62648503299576,15.446594415986556
intel_emr,sw_prefetch_sweep,cxl_t0_d2,1,2,6.293,164.62648503299576,16.187413598635036
intel_emr,sw_prefetch_sweep,cxl_t0_d4,1,2,7.001,164.62648503299576,18.008594089312556
intel_emr,sw_prefetch_sweep,cxl_t0_d8,1,2,8.015,164.62648503299576,20.61689496155408
intel_emr,sw_prefetch_sweep,cxl_t0_d16,1,2,8.889,164.62648503299576,22.86507539778593
intel_emr,sw_prefetch_sweep,cxl_t0_d32,1,2,9.16,164.62648503299576,23.56216567034752
intel_emr,sw_prefetch_sweep,cxl_t0_d64,1,2,9.26,164.62648503299576,23.819394553211577
intel_emr,sw_prefetch_sweep,cxl_nta_d0,1,2,9.457,164.62648503299576,24.326135452453766
intel_emr,sw_prefetch_sweep,cxl_nta_d1,1,2,4.952,164.62648503299576,12.737974279428048
intel_emr,sw_prefetch_sweep,cxl_nta_d2,1,2,5.0,164.62648503299576,12.861444143202794
intel_emr,sw_prefetch_sweep,cxl_nta_d4,1,2,5.116,164.62648503299576,13.159829647325099
intel_emr,sw_prefetch_sweep,cxl_nta_d8,1,2,5.409,164.62648503299576,13.913510274116785
intel_emr,sw_prefetch_sweep,cxl_nta_d16,1,2,5.687,164.62648503299576,14.628606568478858
intel_emr,sw_prefetch_sweep,cxl_nta_d32,1,2,3.919,164.62648503299576,10.08079991944235
intel_emr,sw_prefetch_sweep,cxl_nta_d64,1,2,3.283,164.62648503299576,8.444824224426954
intel_emr,sw_prefetch_sweep,local_t0_d0,1,0,14.63,84.54594335225794,19.326674238180214
intel_emr,sw_prefetch_sweep,local_t0_d1,1,0,9.839,84.54594335225794,12.997617760044779
intel_emr,sw_prefetch_sweep,local_t0_d2,1,0,10.081,84.54594335225794,13.317307108345506
intel_emr,sw_prefetch_sweep,local_t0_d4,1,0,10.719,84.54594335225794,14.160124481138325
intel_emr,sw_prefetch_sweep,local_t0_d8,1,0,11.853,84.54594335225794,15.658172914911146
intel_emr,sw_prefetch_sweep,local_t0_d16,1,0,12.949,84.54594335225794,17.106022194818564
intel_emr,sw_prefetch_sweep,local_t0_d32,1,0,14.518,84.54594335225794,19.178718837313763
intel_emr,sw_prefetch_sweep,local_t0_d64,1,0,14.563,84.54594335225794,19.23816520373332
intel_emr,sw_prefetch_sweep,local_nta_d0,1,0,14.556,84.54594335225794,19.228917991179166
intel_emr,sw_prefetch_sweep,local_nta_d1,1,0,7.631,84.54594335225794,10.08078271439188
intel_emr,sw_prefetch_sweep,local_nta_d2,1,0,7.85,84.54594335225794,10.37008836430039
intel_emr,sw_prefetch_sweep,local_nta_d4,1,0,8.163,84.54594335225794,10.783570868507525
intel_emr,sw_prefetch_sweep,local_nta_d8,1,0,8.586,84.54594335225794,11.342366712851355
intel_emr,sw_prefetch_sweep,local_nta_d16,1,0,8.905,84.54594335225794,11.763775399247764
intel_emr,sw_prefetch_sweep,local_nta_d32,1,0,7.593,84.54594335225794,10.030583560526477
intel_emr,sw_prefetch_sweep,local_nta_d64,1,0,5.638,84.54594335225794,7.447969197187973
intel_emr,sw_prefetch_sweep,cxl_t0_d0,1,2,9.471,164.62648503299576,24.362147496054735
intel_emr,sw_prefetch_sweep,cxl_t0_d1,1,2,5.902,164.62648503299576,15.181648666636578
intel_emr,sw_prefetch_sweep,cxl_t0_d2,1,2,6.395,164.62648503299576,16.449787059156375
intel_emr,sw_prefetch_sweep,cxl_t0_d4,1,2,6.707,164.62648503299576,17.252341173692226
intel_emr,sw_prefetch_sweep,cxl_t0_d8,1,2,7.764,164.62648503299576,19.9712504655653
intel_emr,sw_prefetch_sweep,cxl_t0_d16,1,2,8.787,164.62648503299576,22.60270193726459
intel_emr,sw_prefetch_sweep,cxl_t0_d32,1,2,9.135,164.62648503299576,23.497858449631504
intel_emr,sw_prefetch_sweep,cxl_t0_d64,1,2,9.624,164.62648503299576,24.75570768683674
intel_emr,sw_prefetch_sweep,cxl_nta_d0,1,2,9.927,164.62648503299576,25.535111201914827
intel_emr,sw_prefetch_sweep,cxl_nta_d1,1,2,5.055,164.62648503299576,13.002920028778025
intel_emr,sw_prefetch_sweep,cxl_nta_d2,1,2,4.912,164.62648503299576,12.635082726282425
intel_emr,sw_prefetch_sweep,cxl_nta_d4,1,2,5.068,164.62648503299576,13.036359783550353
intel_emr,sw_prefetch_sweep,cxl_nta_d8,1,2,5.36,164.62648503299576,13.787468121513395
intel_emr,sw_prefetch_sweep,cxl_nta_d16,1,2,5.626,164.62648503299576,14.471696949931784
intel_emr,sw_prefetch_sweep,cxl_nta_d32,1,2,4.46,164.62648503299576,11.472408175736893
intel_emr,sw_prefetch_sweep,cxl_nta_d64,1,2,3.292,164.62648503299576,8.46797482388472
intel_emr,sw_prefetch_sweep,local_t0_d0,1,0,14.705,84.54594335225794,19.42575151554614
intel_emr,sw_prefetch_sweep,local_t0_d1,1,0,9.556,84.54594335225794,12.623766166784014
intel_emr,sw_prefetch_sweep,local_t0_d2,1,0,9.813,84.54594335225794,12.963270970557925
intel_emr,sw_prefetch_sweep,local_t0_d4,1,0,10.321,84.54594335225794,13.634354395916473
intel_emr,sw_prefetch_sweep,local_t0_d8,1,0,11.503,84.54594335225794,15.195812287203486
intel_emr,sw_prefetch_sweep,local_t0_d16,1,0,13.153,84.54594335225794,17.375512389253885
intel_emr,sw_prefetch_sweep,local_t0_d32,1,0,14.8,84.54594335225794,19.55124940020965
intel_emr,sw_prefetch_sweep,local_t0_d64,1,0,14.809,84.54594335225794,19.56313867349356
intel_emr,sw_prefetch_sweep,local_nta_d0,1,0,14.844,84.54594335225794,19.609374736264325
intel_emr,sw_prefetch_sweep,local_nta_d1,1,0,7.891,84.54594335225794,10.424250609260428
intel_emr,sw_prefetch_sweep,local_nta_d2,1,0,8.017,84.54594335225794,10.590700435235185
intel_emr,sw_prefetch_sweep,local_nta_d4,1,0,7.993,84.54594335225794,10.55899570647809
intel_emr,sw_prefetch_sweep,local_nta_d8,1,0,8.444,84.54594335225794,11.154780401038533
intel_emr,sw_prefetch_sweep,local_nta_d16,1,0,8.676,84.54594335225794,11.461259445690466
intel_emr,sw_prefetch_sweep,local_nta_d32,1,0,7.319,84.54594335225794,9.668621240549623
intel_emr,sw_prefetch_sweep,local_nta_d64,1,0,5.634,84.54594335225794,7.442685075728457
intel_emr,sw_prefetch_sweep,cxl_t0_d0,1,2,9.515,164.62648503299576,24.475328204514916
intel_emr,sw_prefetch_sweep,cxl_t0_d1,1,2,6.11,164.62648503299576,15.716684742993815
intel_emr,sw_prefetch_sweep,cxl_t0_d2,1,2,6.381,164.62648503299576,16.413775015555405
intel_emr,sw_prefetch_sweep,cxl_t0_d4,1,2,7.131,164.62648503299576,18.342991637035826
intel_emr,sw_prefetch_sweep,cxl_t0_d8,1,2,8.005,164.62648503299576,20.591172073267675
intel_emr,sw_prefetch_sweep,cxl_t0_d16,1,2,8.815,164.62648503299576,22.674726024466526
intel_emr,sw_prefetch_sweep,cxl_t0_d32,1,2,8.912,164.62648503299576,22.92423804084466
intel_emr,sw_prefetch_sweep,cxl_t0_d64,1,2,9.328,164.62648503299576,23.994310193559134
intel_emr,sw_prefetch_sweep,cxl_nta_d0,1,2,9.571,164.62648503299576,24.61937637891879
intel_emr,sw_prefetch_sweep,cxl_nta_d1,1,2,4.965,164.62648503299576,12.771414034200376
intel_emr,sw_prefetch_sweep,cxl_nta_d2,1,2,5.034,164.62648503299576,12.948901963376574
intel_emr,sw_prefetch_sweep,cxl_nta_d4,1,2,5.127,164.62648503299576,13.188124824440147
intel_emr,sw_prefetch_sweep,cxl_nta_d8,1,2,5.387,164.62648503299576,13.85691991988669
intel_emr,sw_prefetch_sweep,cxl_nta_d16,1,2,5.457,164.62648503299576,14.036980137891529
intel_emr,sw_prefetch_sweep,cxl_nta_d32,1,2,3.999,164.62648503299576,10.286583025733595
intel_emr,sw_prefetch_sweep,cxl_nta_d64,1,2,3.289,164.62648503299576,8.460257957398799
intel_emr,sw_prefetch_sweep,local_t0_d0,1,0,14.679,84.54594335225794,19.391404726059285
intel_emr,sw_prefetch_sweep,local_t0_d1,1,0,9.904,84.54594335225794,13.083484733761916
intel_emr,sw_prefetch_sweep,local_t0_d2,1,0,10.16,84.54594335225794,13.42166850717095
intel_emr,sw_prefetch_sweep,local_t0_d4,1,0,10.783,84.54594335225794,14.244670424490584
intel_emr,sw_prefetch_sweep,local_t0_d8,1,0,11.225,84.54594335225794,14.828565845767116
intel_emr,sw_prefetch_sweep,local_t0_d16,1,0,12.975,84.54594335225794,17.140368984305418
intel_emr,sw_prefetch_sweep,local_t0_d32,1,0,14.54,84.54594335225794,19.2077815053411
intel_emr,sw_prefetch_sweep,local_t0_d64,1,0,14.586,84.54594335225794,19.268548902125534
intel_emr,sw_prefetch_sweep,local_nta_d0,1,0,14.575,84.54594335225794,19.254017568111866
intel_emr,sw_prefetch_sweep,local_nta_d1,1,0,7.682,84.54594335225794,10.14815526300071
intel_emr,sw_prefetch_sweep,local_nta_d2,1,0,7.946,84.54594335225794,10.496907279328774
intel_emr,sw_prefetch_sweep,local_nta_d4,1,0,8.062,84.54594335225794,10.650146801654742
intel_emr,sw_prefetch_sweep,local_nta_d8,1,0,8.582,84.54594335225794,11.33708259139184
intel_emr,sw_prefetch_sweep,local_nta_d16,1,0,8.968,84.54594335225794,11.847000312235144
intel_emr,sw_prefetch_sweep,local_nta_d32,1,0,7.484,84.54594335225794,9.886591250754662
intel_emr,sw_prefetch_sweep,local_nta_d64,1,0,5.628,84.54594335225794,7.4347588935391835
intel_emr,sw_prefetch_sweep,cxl_t0_d0,1,2,9.004,164.62648503299576,23.160888613079592
intel_emr,sw_prefetch_sweep,cxl_t0_d1,1,2,6.183,164.62648503299576,15.904461827484576
intel_emr,sw_prefetch_sweep,cxl_t0_d2,1,2,6.155,164.62648503299576,15.83243774028264
intel_emr,sw_prefetch_sweep,cxl_t0_d4,1,2,6.739,164.62648503299576,17.334654416208725
intel_emr,sw_prefetch_sweep,cxl_t0_d8,1,2,7.795,164.62648503299576,20.050991419253155
intel_emr,sw_prefetch_sweep,cxl_t0_d16,1,2,8.817,164.62648503299576,22.679870602123806
intel_emr,sw_prefetch_sweep,cxl_t0_d32,1,2,9.172,164.62648503299576,23.593033136291208
intel_emr,sw_prefetch_sweep,cxl_t0_d64,1,2,9.625,164.62648503299576,24.75827997566538
intel_emr,sw_prefetch_sweep,cxl_nta_d0,1,2,9.88,164.62648503299576,25.41421362696872
intel_emr,sw_prefetch_sweep,cxl_nta_d1,1,2,5.086,164.62648503299576,13.082660982465882
intel_emr,sw_prefetch_sweep,cxl_nta_d2,1,2,4.924,164.62648503299576,12.665950192226111
intel_emr,sw_prefetch_sweep,cxl_nta_d4,1,2,5.07,164.62648503299576,13.041504361207632
intel_emr,sw_prefetch_sweep,cxl_nta_d8,1,2,5.406,164.62648503299576,13.905793407630862
intel_emr,sw_prefetch_sweep,cxl_nta_d16,1,2,5.645,164.62648503299576,14.520570437675955
intel_emr,sw_prefetch_sweep,cxl_nta_d32,1,2,4.535,164.62648503299576,11.665329837884935
intel_emr,sw_prefetch_sweep,cxl_nta_d64,1,2,3.295,164.62648503299576,8.475691690370642
intel_emr,sw_prefetch_sweep,local_t0_d0,1,0,14.374,84.54594335225794,18.988490464771182
intel_emr,sw_prefetch_sweep,local_t0_d1,1,0,9.642,84.54594335225794,12.73737477816361
intel_emr,sw_prefetch_sweep,local_t0_d2,1,0,9.942,84.54594335225794,13.13368388762732
intel_emr,sw_prefetch_sweep,local_t0_d4,1,0,10.483,84.54594335225794,13.848361315026876
intel_emr,sw_prefetch_sweep,local_t0_d8,1,0,11.58,84.54594335225794,15.29753162529917
intel_emr,sw_prefetch_sweep,local_t0_d16,1,0,13.251,84.54594335225794,17.50497336501203
intel_emr,sw_prefetch_sweep,local_t0_d32,1,0,14.776,84.54594335225794,19.519544671452554
intel_emr,sw_prefetch_sweep,local_t0_d64,1,0,14.857,84.54594335225794,19.626548131007752
intel_emr,sw_prefetch_sweep,local_nta_d0,1,0,14.918,84.54594335225794,19.707130983265376
intel_emr,sw_prefetch_sweep,local_nta_d1,1,0,7.891,84.54594335225794,10.424250609260428
intel_emr,sw_prefetch_sweep,local_nta_d2,1,0,7.713,84.54594335225794,10.189107204311961
intel_emr,sw_prefetch_sweep,local_nta_d4,1,0,8.018,84.54594335225794,10.592021465600066
intel_emr,sw_prefetch_sweep,local_nta_d8,1,0,8.489,84.54594335225794,11.21422676745809
intel_emr,sw_prefetch_sweep,local_nta_d16,1,0,8.956,84.54594335225794,11.831147947856595
intel_emr,sw_prefetch_sweep,local_nta_d32,1,0,6.786,84.54594335225794,8.9645120560691
intel_emr,sw_prefetch_sweep,local_nta_d64,1,0,5.625,84.54594335225794,7.430795802444545
intel_emr,sw_prefetch_sweep,cxl_t0_d0,1,2,9.62,164.62648503299576,24.745418531522176
intel_emr,sw_prefetch_sweep,cxl_t0_d1,1,2,6.188,164.62648503299576,15.917323271627778
intel_emr,sw_prefetch_sweep,cxl_t0_d2,1,2,6.486,164.62648503299576,16.683865342562665
intel_emr,sw_prefetch_sweep,cxl_t0_d4,1,2,6.383,164.62648503299576,16.41891959321269
intel_emr,sw_prefetch_sweep,cxl_t0_d8,1,2,7.962,164.62648503299576,20.48056365363613
intel_emr,sw_prefetch_sweep,cxl_t0_d16,1,2,8.586,164.62648503299576,22.08567188270784
intel_emr,sw_prefetch_sweep,cxl_t0_d32,1,2,9.207,164.62648503299576,23.683063245293628
intel_emr,sw_prefetch_sweep,cxl_t0_d64,1,2,9.655,164.62648503299576,24.835448640524596
intel_emr,sw_prefetch_sweep,cxl_nta_d0,1,2,9.779,164.62648503299576,25.154412455276024
intel_emr,sw_prefetch_sweep,cxl_nta_d1,1,2,5.074,164.62648503299576,13.051793516522197
intel_emr,sw_prefetch_sweep,cxl_nta_d2,1,2,5.062,164.62648503299576,13.02092605057851
intel_emr,sw_prefetch_sweep,cxl_nta_d4,1,2,5.118,164.62648503299576,13.16497422498238
intel_emr,sw_prefetch_sweep,cxl_nta_d8,1,2,5.324,164.62648503299576,13.694865723682335
intel_emr,sw_prefetch_sweep,cxl_nta_d16,1,2,5.452,164.62648503299576,14.024118693748326
intel_emr,sw_prefetch_sweep,cxl_nta_d32,1,2,4.183,164.62648503299576,10.759884170203458
intel_emr,sw_prefetch_sweep,cxl_nta_d64,1,2,3.295,164.62648503299576,8.475691690370642
intel_emr,sw_prefetch_sweep,local_t0_d0,1,0,14.832,84.54594335225794,19.59352237188578
intel_emr,sw_prefetch_sweep,local_t0_d1,1,0,9.975,84.54594335225794,13.177277889668328
intel_emr,sw_prefetch_sweep,local_t0_d2,1,0,10.033,84.54594335225794,13.25389765083131
intel_emr,sw_prefetch_sweep,local_t0_d4,1,0,10.136,84.54594335225794,13.389963778413852
intel_emr,sw_prefetch_sweep,local_t0_d8,1,0,11.706,84.54594335225794,15.463981451273929
intel_emr,sw_prefetch_sweep,local_t0_d16,1,0,13.049,84.54594335225794,17.238125231306466
intel_emr,sw_prefetch_sweep,local_t0_d32,1,0,14.571,84.54594335225794,19.248733446652352
intel_emr,sw_prefetch_sweep,local_t0_d64,1,0,14.693,84.54594335225794,19.409899151167593
intel_emr,sw_prefetch_sweep,local_nta_d0,1,0,14.701,84.54594335225794,19.420467394086625
intel_emr,sw_prefetch_sweep,local_nta_d1,1,0,7.827,84.54594335225794,10.33970466590817
intel_emr,sw_prefetch_sweep,local_nta_d2,1,0,7.856,84.54594335225794,10.378014546489663
intel_emr,sw_prefetch_sweep,local_nta_d4,1,0,8.144,84.54594335225794,10.758471291574821
intel_emr,sw_prefetch_sweep,local_nta_d8,1,0,8.634,84.54594335225794,11.405776170365549
intel_emr,sw_prefetch_sweep,local_nta_d16,1,0,9.054,84.54594335225794,11.96060892361474
intel_emr,sw_prefetch_sweep,local_nta_d32,1,0,6.122,84.54594335225794,8.087347893789424
intel_emr,sw_prefetch_sweep,local_nta_d64,1,0,5.616,84.54594335225794,7.418906529160634
intel_emr,sw_prefetch_sweep,cxl_t0_d0,1,2,9.701,164.62648503299576,24.95377392664206
intel_emr,sw_prefetch_sweep,cxl_t0_d1,1,2,5.984,164.62648503299576,15.392576350585104
intel_emr,sw_prefetch_sweep,cxl_t0_d2,1,2,6.448,164.62648503299576,16.586118367074324
intel_emr,sw_prefetch_sweep,cxl_t0_d4,1,2,7.112,164.62648503299576,18.294118149291656
intel_emr,sw_prefetch_sweep,cxl_t0_d8,1,2,7.972,164.62648503299576,20.506286541922535
intel_emr,sw_prefetch_sweep,cxl_t0_d16,1,2,8.901,164.62648503299576,22.895942863729616
intel_emr,sw_prefetch_sweep,cxl_t0_d32,1,2,8.847,164.62648503299576,22.757039266983025
intel_emr,sw_prefetch_sweep,cxl_t0_d64,1,2,9.465,164.62648503299576,24.346713763082892
intel_emr,sw_prefetch_sweep,cxl_nta_d0,1,2,9.385,164.62648503299576,24.140930656791646
intel_emr,sw_prefetch_sweep,cxl_nta_d1,1,2,4.911,164.62648503299576,12.632510437453785
intel_emr,sw_prefetch_sweep,cxl_nta_d2,1,2,4.98,164.62648503299576,12.809998366629983
intel_emr,sw_prefetch_sweep,cxl_nta_d4,1,2,5.113,164.62648503299576,13.152112780839177
intel_emr,sw_prefetch_sweep,cxl_nta_d8,1,2,5.408,164.62648503299576,13.910937985288141
intel_emr,sw_prefetch_sweep,cxl_nta_d16,1,2,5.428,164.62648503299576,13.962383761860954
intel_emr,sw_prefetch_sweep,cxl_nta_d32,1,2,4.477,164.62648503299576,11.516137085823782
intel_emr,sw_prefetch_sweep,cxl_nta_d64,1,2,3.29,164.62648503299576,8.462830246227439
intel_emr,sw_prefetch_sweep,local_t0_d0,1,0,14.661,84.54594335225794,19.367626179491463
intel_emr,sw_prefetch_sweep,local_t0_d1,1,0,9.787,84.54594335225794,12.928924181071071
intel_emr,sw_prefetch_sweep,local_t0_d2,1,0,10.077,84.54594335225794,13.312022986885989
intel_emr,sw_prefetch_sweep,local_t0_d4,1,0,10.7,84.54594335225794,14.135024904205624
intel_emr,sw_prefetch_sweep,local_t0_d8,1,0,11.728,84.54594335225794,15.493044119301269
intel_emr,sw_prefetch_sweep,local_t0_d16,1,0,13.286,84.54594335225794,17.551209427782798
intel_emr,sw_prefetch_sweep,local_t0_d32,1,0,14.468,84.54594335225794,19.11266731906981
intel_emr,sw_prefetch_sweep,local_t0_d64,1,0,14.529,84.54594335225794,19.19325017132743
intel_emr,sw_prefetch_sweep,local_nta_d0,1,0,14.515,84.54594335225794,19.174755746219127
intel_emr,sw_prefetch_sweep,local_nta_d1,1,0,7.573,84.54594335225794,10.004162953228896
intel_emr,sw_prefetch_sweep,local_nta_d2,1,0,7.794,84.54594335225794,10.296110663867163
intel_emr,sw_prefetch_sweep,local_nta_d4,1,0,8.088,84.54594335225794,10.684493591141596
intel_emr,sw_prefetch_sweep,local_nta_d8,1,0,8.596,84.54594335225794,11.355577016500146
intel_emr,sw_prefetch_sweep,local_nta_d16,1,0,8.841,84.54594335225794,11.679229455895507
intel_emr,sw_prefetch_sweep,local_nta_d32,1,0,7.331,84.54594335225794,9.684473604928172
intel_emr,sw_prefetch_sweep,local_nta_d64,1,0,5.623,84.54594335225794,7.428153741714788
intel_emr,sw_prefetch_sweep,cxl_t0_d0,1,2,9.863,164.62648503299576,25.370484716881833
intel_emr,sw_prefetch_sweep,cxl_t0_d1,1,2,5.848,164.62648503299576,15.042745069889989
intel_emr,sw_prefetch_sweep,cxl_t0_d2,1,2,6.105,164.62648503299576,15.703823298850612
intel_emr,sw_prefetch_sweep,cxl_t0_d4,1,2,7.06,164.62648503299576,18.160359130202345
intel_emr,sw_prefetch_sweep,cxl_t0_d8,1,2,7.752,164.62648503299576,19.940382999621615
intel_emr,sw_prefetch_sweep,cxl_t0_d16,1,2,8.737,164.62648503299576,22.474087495832563
intel_emr,sw_prefetch_sweep,cxl_t0_d32,1,2,9.143,164.62648503299576,23.51843676026063
intel_emr,sw_prefetch_sweep,cxl_t0_d64,1,2,9.58,164.62648503299576,24.642526978376555
intel_emr,sw_prefetch_sweep,cxl_nta_d0,1,2,9.994,164.62648503299576,25.707454553433745
intel_emr,sw_prefetch_sweep,cxl_nta_d1,1,2,4.776,164.62648503299576,12.28525144558731
intel_emr,sw_prefetch_sweep,cxl_nta_d2,1,2,5.034,164.62648503299576,12.948901963376574
intel_emr,sw_prefetch_sweep,cxl_nta_d4,1,2,5.059,164.62648503299576,13.013209184092588
intel_emr,sw_prefetch_sweep,cxl_nta_d8,1,2,5.356,164.62648503299576,13.777178966198834
intel_emr,sw_prefetch_sweep,cxl_nta_d16,1,2,5.57,164.62648503299576,14.327648775527914
intel_emr,sw_prefetch_sweep,cxl_nta_d32,1,2,4.435,164.62648503299576,11.40810095502088
intel_emr,sw_prefetch_sweep,cxl_nta_d64,1,2,3.291,164.62648503299576,8.465402535056079
intel_emr,sw_prefetch_sweep,local_t0_d0,1,0,14.285,84.54594335225794,18.87091876229695
intel_emr,sw_prefetch_sweep,local_t0_d1,1,0,9.844,84.54594335225794,13.004222911869174
intel_emr,sw_prefetch_sweep,local_t0_d2,1,0,9.854,84.54594335225794,13.017433215517965
intel_emr,sw_prefetch_sweep,local_t0_d4,1,0,10.337,84.54594335225794,13.655490881754536
intel_emr,sw_prefetch_sweep,local_t0_d8,1,0,11.497,84.54594335225794,15.187886105014213
intel_emr,sw_prefetch_sweep,local_t0_d16,1,0,13.134,84.54594335225794,17.350412812321185
intel_emr,sw_prefetch_sweep,local_t0_d32,1,0,14.618,84.54594335225794,19.310821873801665
intel_emr,sw_prefetch_sweep,local_t0_d64,1,0,14.767,84.54594335225794,19.50765539816864
intel_emr,sw_prefetch_sweep,local_nta_d0,1,0,14.848,84.54594335225794,19.614658857723843
intel_emr,sw_prefetch_sweep,local_nta_d1,1,0,7.872,84.54594335225794,10.399151032327728
intel_emr,sw_prefetch_sweep,local_nta_d2,1,0,7.989,84.54594335225794,10.553711585018572
intel_emr,sw_prefetch_sweep,local_nta_d4,1,0,8.171,84.54594335225794,10.794139111426556
intel_emr,sw_prefetch_sweep,local_nta_d8,1,0,8.45,84.54594335225794,11.162706583227806
intel_emr,sw_prefetch_sweep,local_nta_d16,1,0,8.704,84.54594335225794,11.49824829590708
intel_emr,sw_prefetch_sweep,local_nta_d32,1,0,6.495,84.54594335225794,8.580092219889302
intel_emr,sw_prefetch_sweep,local_nta_d64,1,0,5.629,84.54594335225794,7.436079923904062
intel_emr,sw_prefetch_sweep,cxl_t0_d0,1,2,9.436,164.62648503299576,24.27211738705231
intel_emr,sw_prefetch_sweep,cxl_t0_d1,1,2,6.114,164.62648503299576,15.726973898308378
intel_emr,sw_prefetch_sweep,cxl_t0_d2,1,2,6.412,164.62648503299576,16.493515969243266
intel_emr,sw_prefetch_sweep,cxl_t0_d4,1,2,7.142,164.62648503299576,18.37128681415087
intel_emr,sw_prefetch_sweep,cxl_t0_d8,1,2,8.005,164.62648503299576,20.591172073267675
intel_emr,sw_prefetch_sweep,cxl_t0_d16,1,2,8.901,164.62648503299576,22.895942863729616
intel_emr,sw_prefetch_sweep,cxl_t0_d32,1,2,9.155,164.62648503299576,23.549304226204317
intel_emr,sw_prefetch_sweep,cxl_t0_d64,1,2,9.335,164.62648503299576,24.01231621535962
intel_emr,sw_prefetch_sweep,cxl_nta_d0,1,2,9.583,164.62648503299576,24.650243844862477
intel_emr,sw_prefetch_sweep,cxl_nta_d1,1,2,4.99,164.62648503299576,12.835721254916388
intel_emr,sw_prefetch_sweep,cxl_nta_d2,1,2,5.032,164.62648503299576,12.943757385719293
intel_emr,sw_prefetch_sweep,cxl_nta_d4,1,2,5.129,164.62648503299576,13.193269402097426
intel_emr,sw_prefetch_sweep,cxl_nta_d8,1,2,5.298,164.62648503299576,13.627986214137682
intel_emr,sw_prefetch_sweep,cxl_nta_d16,1,2,5.644,164.62648503299576,14.517998148847314
intel_emr,sw_prefetch_sweep,cxl_nta_d32,1,2,4.011,164.62648503299576,10.317450491677281
intel_emr,sw_prefetch_sweep,cxl_nta_d64,1,2,3.299,164.62648503299576,8.485980845685203
intel_emr,sw_prefetch_sweep,local_t0_d0,1,0,14.665,84.54594335225794,19.372910300950977
intel_emr,sw_prefetch_sweep,local_t0_d1,1,0,9.845,84.54594335225794,13.005543942234054
intel_emr,sw_prefetch_sweep,local_t0_d2,1,0,10.089,84.54594335225794,13.327875351264536
intel_emr,sw_prefetch_sweep,local_t0_d4,1,0,10.867,84.54594335225794,14.355636975140422
intel_emr,sw_prefetch_sweep,local_t0_d8,1,0,11.706,84.54594335225794,15.463981451273929
intel_emr,sw_prefetch_sweep,local_t0_d16,1,0,12.929,84.54594335225794,17.079601587520983
intel_emr,sw_prefetch_sweep,local_t0_d32,1,0,14.512,84.54594335225794,19.17079265512449
intel_emr,sw_prefetch_sweep,local_t0_d64,1,0,14.54,84.54594335225794,19.2077815053411
intel_emr,sw_prefetch_sweep,local_nta_d0,1,0,14.586,84.54594335225794,19.268548902125534
intel_emr,sw_prefetch_sweep,local_nta_d1,1,0,7.682,84.54594335225794,10.14815526300071
intel_emr,sw_prefetch_sweep,local_nta_d2,1,0,7.851,84.54594335225794,10.371409394665267
intel_emr,sw_prefetch_sweep,local_nta_d4,1,0,8.074,84.54594335225794,10.665999166033291
intel_emr,sw_prefetch_sweep,local_nta_d8,1,0,8.594,84.54594335225794,11.352934955770387
intel_emr,sw_prefetch_sweep,local_nta_d16,1,0,8.955,84.54594335225794,11.829826917491717
intel_emr,sw_prefetch_sweep,local_nta_d32,1,0,7.581,84.54594335225794,10.01473119614793
intel_emr,sw_prefetch_sweep,local_nta_d64,1,0,5.616,84.54594335225794,7.418906529160634
intel_emr,sw_prefetch_sweep,cxl_t0_d0,1,2,9.868,164.62648503299576,25.383346161025035
intel_emr,sw_prefetch_sweep,cxl_t0_d1,1,2,5.943,164.62648503299576,15.287112508610841
intel_emr,sw_prefetch_sweep,cxl_t0_d2,1,2,6.4,164.62648503299576,16.462648503299576
intel_emr,sw_prefetch_sweep,cxl_t0_d4,1,2,6.809,164.62648503299576,17.51471463421357
intel_emr,sw_prefetch_sweep,cxl_t0_d8,1,2,7.849,164.62648503299576,20.189895015999745
intel_emr,sw_prefetch_sweep,cxl_t0_d16,1,2,8.819,164.62648503299576,22.685015179781086
intel_emr,sw_prefetch_sweep,cxl_t0_d32,1,2,9.183,164.62648503299576,23.621328313406252
intel_emr,sw_prefetch_sweep,cxl_t0_d64,1,2,9.092,164.62648503299576,23.387250029999965
intel_emr,sw_prefetch_sweep,cxl_nta_d0,1,2,9.222,164.62648503299576,23.721647577723235
intel_emr,sw_prefetch_sweep,cxl_nta_d1,1,2,5.098,164.62648503299576,13.11352844840957
intel_emr,sw_prefetch_sweep,cxl_nta_d2,1,2,5.063,164.62648503299576,13.02349833940715
intel_emr,sw_prefetch_sweep,cxl_nta_d4,1,2,5.082,164.62648503299576,13.07237182715132
intel_emr,sw_prefetch_sweep,cxl_nta_d8,1,2,5.379,164.62648503299576,13.836341609257566
intel_emr,sw_prefetch_sweep,cxl_nta_d16,1,2,5.68,164.62648503299576,14.610600546678373
intel_emr,sw_prefetch_sweep,cxl_nta_d32,1,2,4.581,164.62648503299576,11.7836551240024
intel_emr,sw_prefetch_sweep,cxl_nta_d64,1,2,3.301,164.62648503299576,8.491125423342485
intel_emr,sw_prefetch_sweep,local_t0_d0,1,0,14.629,84.54594335225794,19.325353207815336
intel_emr,sw_prefetch_sweep,local_t0_d1,1,0,9.747,84.54594335225794,12.87608296647591
intel_emr,sw_prefetch_sweep,local_t0_d2,1,0,10.004,84.54594335225794,13.215587770249819
intel_emr,sw_prefetch_sweep,local_t0_d4,1,0,10.532,84.54594335225794,13.913091802905948
intel_emr,sw_prefetch_sweep,local_t0_d8,1,0,11.779,84.54594335225794,15.560416667910099
intel_emr,sw_prefetch_sweep,local_t0_d16,1,0,13.271,84.54594335225794,17.531393972309612
intel_emr,sw_prefetch_sweep,local_t0_d32,1,0,14.761,84.54594335225794,19.499729215979368
intel_emr,sw_prefetch_sweep,local_t0_d64,1,0,14.875,84.54594335225794,19.650326677575578
intel_emr,sw_prefetch_sweep,local_nta_d0,1,0,14.95,84.54594335225794,19.749403954941503
intel_emr,sw_prefetch_sweep,local_nta_d1,1,0,7.488,84.54594335225794,9.891875372214178
intel_emr,sw_prefetch_sweep,local_nta_d2,1,0,7.712,84.54594335225794,10.187786173947082
intel_emr,sw_prefetch_sweep,local_nta_d4,1,0,8.149,84.54594335225794,10.765076443399217
intel_emr,sw_prefetch_sweep,local_nta_d8,1,0,8.493,84.54594335225794,11.219510888917606
intel_emr,sw_prefetch_sweep,local_nta_d16,1,0,8.499,84.54594335225794,11.22743707110688
intel_emr,sw_prefetch_sweep,local_nta_d32,1,0,7.326,84.54594335225794,9.677868453103775
intel_emr,sw_prefetch_sweep,local_nta_d64,1,0,5.621,84.54594335225794,7.4255116809850295
intel_emr,sw_prefetch_sweep,cxl_t0_d0,1,2,9.649,164.62648503299576,24.82001490755275
intel_emr,sw_prefetch_sweep,cxl_t0_d1,1,2,6.2,164.62648503299576,15.948190737571466
intel_emr,sw_prefetch_sweep,cxl_t0_d2,1,2,6.476,164.62648503299576,16.65814245427626
intel_emr,sw_prefetch_sweep,cxl_t0_d4,1,2,6.406,164.62648503299576,16.47808223627142
intel_emr,sw_prefetch_sweep,cxl_t0_d8,1,2,7.564,164.62648503299576,19.456792699837187
intel_emr,sw_prefetch_sweep,cxl_t0_d16,1,2,8.824,164.62648503299576,22.69787662392429
intel_emr,sw_prefetch_sweep,cxl_t0_d32,1,2,9.077,164.62648503299576,23.34866569757035
intel_emr,sw_prefetch_sweep,cxl_t0_d64,1,2,9.452,164.62648503299576,24.313274008310565
intel_emr,sw_prefetch_sweep,cxl_nta_d0,1,2,9.837,164.62648503299576,25.303605207337178
intel_emr,sw_prefetch_sweep,cxl_nta_d1,1,2,5.077,164.62648503299576,13.059510383008119
intel_emr,sw_prefetch_sweep,cxl_nta_d2,1,2,5.054,164.62648503299576,13.000347739949385
intel_emr,sw_prefetch_sweep,cxl_nta_d4,1,2,5.023,164.62648503299576,12.920606786261526
intel_emr,sw_prefetch_sweep,cxl_nta_d8,1,2,5.392,164.62648503299576,13.869781364029892
intel_emr,sw_prefetch_sweep,cxl_nta_d16,1,2,5.461,164.62648503299576,14.047269293206092
intel_emr,sw_prefetch_sweep,cxl_nta_d32,1,2,4.229,164.62648503299576,10.878209456320924
intel_emr,sw_prefetch_sweep,cxl_nta_d64,1,2,3.282,164.62648503299576,8.442251935598314
intel_emr,sw_prefetch_sweep,local_t0_d0,1,0,14.784,84.54594335225794,19.530112914371582
intel_emr,sw_prefetch_sweep,local_t0_d1,1,0,9.972,84.54594335225794,13.173314798573692
intel_emr,sw_prefetch_sweep,local_t0_d2,1,0,9.779,84.54594335225794,12.918355938152038
intel_emr,sw_prefetch_sweep,local_t0_d4,1,0,10.681,84.54594335225794,14.109925327272924
intel_emr,sw_prefetch_sweep,local_t0_d8,1,0,11.373,84.54594335225794,15.024078339769211
intel_emr,sw_prefetch_sweep,local_t0_d16,1,0,13.026,84.54594335225794,17.207741532914252
intel_emr,sw_prefetch_sweep,local_t0_d32,1,0,14.777,84.54594335225794,19.52086570181743
intel_emr,sw_prefetch_sweep,local_t0_d64,1,0,14.677,84.54594335225794,19.38876266532953
intel_emr,sw_prefetch_sweep,local_nta_d0,1,0,14.676,84.54594335225794,19.38744163496465
intel_emr,sw_prefetch_sweep,local_nta_d1,1,0,7.756,84.54594335225794,10.24591151000176
intel_emr,sw_prefetch_sweep,local_nta_d2,1,0,7.948,84.54594335225794,10.499549340058534
intel_emr,sw_prefetch_sweep,local_nta_d4,1,0,8.153,84.54594335225794,10.770360564858734
intel_emr,sw_prefetch_sweep,local_nta_d8,1,0,8.631,84.54594335225794,11.40181307927091
intel_emr,sw_prefetch_sweep,local_nta_d16,1,0,9.04,84.54594335225794,11.942114498506434
intel_emr,sw_prefetch_sweep,local_nta_d32,1,0,6.143,84.54594335225794,8.115089531451883
intel_emr,sw_prefetch_sweep,local_nta_d64,1,0,5.62,84.54594335225794,7.42419065062015
